date,avg_sentiment_score,open,high,low,close,volume,price_change,Bearish,Bullish,Neutral
2025-08-08,0.7441318490757391,117519.6484375,117626.7265625,116340.5859375,116466.625,63143063552.0,-1053.0234375,0,0,1
2025-08-05,0.7090264198572739,115072.1875,115117.4375,112701.109375,114141.4453125,61039182286.0,-930.7421875,0,0,1
2025-08-04,0.725042879302925,114223.921875,115729.46875,114130.40625,115071.8828125,35783028986.0,847.9609375,0,0,1
2025-08-03,0.734658910398898,112525.8046875,114747.421875,111943.8046875,114217.671875,48099615826.0,1691.8671875,0,0,1
2025-08-02,0.7261611839135488,113320.390625,114021.6015625,112005.765625,112526.9140625,56870866000.0,-793.4765625,0,0,1
2025-08-01,0.7092585590216193,115738.953125,116060.7734375,112724.4453125,113320.0859375,91294530181.0,-2418.8671875,0,0,1
2025-07-31,0.6819034202458107,117833.6328125,118919.984375,115505.21875,115758.203125,69370346018.0,-2075.4296875,0,0,1
2025-07-30,0.69146339463837,117921.9921875,118780.7265625,115800.828125,117831.1875,68896148592.0,-90.8046875,0,0,1
2025-07-29,0.7262534452602267,117938.5859375,119273.8671875,116987.3671875,117922.1484375,68463107433.0,-16.4375,0,0,1
2025-07-28,0.7353998058372073,119457.5234375,119819.7890625,117441.4375,117924.4765625,64822943193.0,-1533.046875,0,1,0
2025-07-27,0.7567344175444709,117944.7265625,119815.59375,117859.6875,119448.4921875,54683390892.0,1503.765625,0,0,1
2025-07-26,0.7342346527359702,117644.84375,118335.6875,117181.2265625,117947.3671875,48508954046.0,302.5234375,0,0,1
2025-07-25,0.756089468797048,118368.0,118486.9765625,114759.8203125,117635.8828125,104857024569.0,-732.1171875,0,0,1
2025-07-24,0.7589763769736657,118770.984375,119535.453125,117247.96875,118368.0,72627318560.0,-402.984375,0,0,1
2025-07-23,0.7553622722625732,119997.4453125,120113.3515625,117391.390625,118754.9609375,66608604537.0,-1242.484375,0,0,1
2025-07-22,0.7411096642414728,117426.5,120269.96875,116233.2265625,119995.4140625,79217583118.0,2568.9140625,0,0,1
2025-07-21,0.6950284576416016,117306.46875,119671.5625,116584.3984375,117439.5390625,69820091744.0,133.0703125,0,0,1
2025-07-20,0.6945250471433003,117944.109375,118865.03125,116550.1328125,117300.7890625,57515447231.0,-643.3203125,0,0,1
2025-07-19,0.7238337331347995,117998.125,118541.3984375,117388.4140625,117939.9765625,47564562765.0,-58.1484375,0,0,1
2025-07-18,0.703279587355527,119284.109375,120851.9140625,116925.984375,118003.2265625,77945799785.0,-1280.8828125,0,0,1
2025-07-17,0.6557637304067612,118738.5078125,120999.609375,117508.21875,119289.84375,72363841798.0,551.3359375,0,1,0
2025-07-16,0.7259262154499689,117777.1875,120065.515625,117064.8203125,118738.5078125,72162029070.0,961.3203125,0,0,1
2025-07-15,0.7260598081808823,119853.8515625,119935.5625,115765.6875,117777.1875,98321661181.0,-2076.6640625,0,0,1
2025-07-14,0.6770264960470653,119115.7890625,123091.609375,118959.1953125,119849.703125,181746419401.0,733.9140625,0,0,1
2025-07-13,0.6884157508611679,117432.203125,119449.5703125,117265.4375,119116.1171875,49021091807.0,1683.9140625,0,0,1
2025-07-12,0.6803826424810622,117530.7109375,118219.8984375,116977.0234375,117435.2265625,45524560304.0,-95.484375,0,0,1
2025-07-11,0.6557564895886642,115986.234375,118856.4765625,115245.6875,117516.9921875,86928361085.0,1530.7578125,0,0,1
2025-07-10,0.8089386766607111,111329.1953125,116608.78125,110660.75,115987.203125,95911605728.0,4658.0078125,0,0,1
2025-07-09,0.8720800379912058,108950.2734375,111925.375,108357.6796875,111326.5546875,57927418065.0,2376.28125,0,0,1
2025-07-08,0.7048229668289423,108298.2265625,109198.96875,107499.5546875,108950.2734375,44282204127.0,652.046875,0,0,1
2025-07-07,0.7717837445876178,109235.328125,109710.25,107527.0546875,108299.8515625,45415696597.0,-935.4765625,0,0,1
2025-07-06,0.8919396996498108,108231.1875,109731.625,107847.015625,109232.0703125,36746020463.0,1000.8828125,0,0,1
2025-07-05,0.8717511892318726,108015.8359375,108381.34375,107842.2734375,108231.1796875,30615537520.0,215.34375,0,0,1
2025-07-04,0.8079687654972076,109635.65625,109751.984375,107296.3828125,108034.3359375,42616442656.0,-1601.3203125,0,0,1
2025-07-03,0.9905340671539307,108845.015625,110541.4609375,108605.796875,109647.9765625,50494742270.0,802.9609375,0,0,1
2025-07-02,0.8661321798960367,105703.1015625,109763.65625,105157.3984375,108859.3203125,56248657737.0,3156.21875,0,0,1
2025-07-01,0.8806557754675547,107144.3828125,107550.6796875,105270.2265625,105698.28125,44110692247.0,-1446.1015625,0,0,1
2025-06-30,0.9018499576128446,108383.4375,108798.7890625,106759.6484375,107135.3359375,42064804590.0,-1248.1015625,0,0,1
2025-06-29,0.9761201739311218,107327.8203125,108526.3046875,107230.109375,108385.5703125,35534874438.0,1057.75,0,0,1
2025-06-28,0.9130008816719055,107090.546875,107567.8828125,106883.9765625,107327.703125,30037708335.0,237.15625,0,0,1
2025-06-27,0.7335985779762269,106954.921875,107772.46875,106449.9921875,107088.4296875,45353692675.0,133.5078125,0,0,1
2025-06-26,0.8246102631092072,107375.0703125,108305.546875,106666.3515625,106960.0,43891990613.0,-415.0703125,0,0,1
2025-06-25,0.7643171846866608,106047.40625,108168.3984375,105881.390625,107361.2578125,51624120283.0,1313.8515625,0,0,1
2025-06-24,0.9181357622146606,105571.515625,106316.828125,104740.2421875,106045.6328125,48822986421.0,474.1171875,0,0,1
2025-06-23,0.7633334472775459,100987.4765625,106116.859375,99705.75,105577.7734375,65237759656.0,4590.296875,0,0,1
2025-06-21,0.7774697542190552,103315.078125,104015.78125,100973.0625,102257.40625,38360555118.0,-1057.671875,0,0,1
2025-06-20,0.9781379401683807,104681.03125,106539.3828125,102372.2109375,103309.6015625,50951862476.0,-1371.4296875,0,0,1
2025-06-19,0.8975144624710083,104886.7734375,105250.890625,103940.7734375,104684.2890625,37333806920.0,-202.484375,0,0,1
2025-06-18,0.8677477687597275,104602.0703125,105581.8515625,103602.265625,104883.328125,47318089133.0,281.2578125,0,0,1
2025-06-17,0.7795450458159814,106794.1171875,107750.1953125,103396.53125,104601.1171875,55964092176.0,-2193.0,0,0,1
2025-06-16,0.8113119602203369,105555.59375,108915.375,104997.625,106796.7578125,50366626945.0,1241.1640625,0,0,1
2025-06-15,0.7362188696861267,105464.84375,106157.1015625,104519.8828125,105552.0234375,36744307742.0,87.1796875,0,0,1
2025-06-14,0.7684697508811951,106108.0859375,106203.7578125,104379.3671875,105472.40625,38007870453.0,-635.6796875,0,0,1
2025-06-13,0.8796999653180441,105924.59375,106182.546875,102822.0234375,106090.96875,69550440846.0,166.375,0,0,1
2025-06-12,0.9411605477333069,108685.9140625,108780.6953125,105785.6875,105929.0546875,54843867968.0,-2756.859375,0,0,1
2025-06-11,0.8771388580401739,110261.796875,110384.21875,108086.328125,108686.625,50842662052.0,-1575.171875,0,0,1
2025-06-10,0.8070141196250915,110295.6875,110380.125,108367.7109375,110257.234375,54700101509.0,-38.453125,0,0,1
2025-06-09,0.8449603080749511,105793.0234375,110561.421875,105400.234375,110294.1015625,55903193732.0,4501.078125,0,0,1
2025-06-08,0.9659258127212524,105617.5078125,106497.0625,105075.328125,105793.6484375,36626232328.0,176.140625,0,0,1
2025-06-06,0.9910809397697449,101574.3671875,105376.7734375,101169.5703125,104390.34375,48856653697.0,2815.9765625,0,0,1
2025-06-05,0.8504226605097452,104750.78125,105936.6875,100436.8828125,101575.953125,57479298400.0,-3174.828125,1,0,0
2025-06-04,0.9807823419570922,105434.3671875,105997.6953125,104232.703125,104731.984375,44544857105.0,-702.3828125,0,0,1
2025-06-03,0.9120956137776375,105888.4765625,106813.578125,104920.84375,105432.46875,46196508367.0,-456.0078125,0,0,1
2025-06-02,0.8331809043884277,105649.8125,105958.3125,103727.546875,105881.53125,45819706290.0,231.71875,0,0,1
2025-05-31,0.5232952237129211,103994.71875,104927.1015625,103136.1171875,104638.09375,38997843858.0,643.375,0,1,0
2025-05-30,0.9615786075592041,105646.2109375,106308.9453125,103685.7890625,103998.5703125,57655287183.0,-1647.640625,0,0,1
2025-05-29,0.8395359516143799,107795.5703125,108910.046875,105374.3984375,105641.7578125,56022752042.0,-2153.8125,0,0,1
2025-05-28,0.9690206050872803,108992.171875,109298.2890625,106812.9296875,107802.328125,49155377493.0,-1189.84375,0,0,1
2025-05-27,0.847541834626879,109440.40625,110744.2109375,107609.5546875,108994.640625,57450176272.0,-445.765625,0,0,1
2025-05-26,0.920448637008667,109023.78125,110376.8828125,108735.640625,109440.3671875,45950461571.0,416.5859375,0,0,1
2025-05-25,0.8674125472704569,107802.2734375,109313.3046875,106683.375,109035.390625,47518041841.0,1233.1171875,0,0,1
2025-05-23,0.6949459314346313,111679.359375,111798.90625,106841.3046875,107287.796875,67548133399.0,-4391.5625,0,0,1
2025-05-22,0.8729391892751058,109673.4921875,111970.171875,109285.0703125,111673.28125,70157575642.0,1999.7890625,0,0,1
2025-05-21,0.9394169449806213,106791.3125,110724.4609375,106127.234375,109678.078125,78086364051.0,2886.765625,0,0,1
2025-05-20,0.5749679803848267,105605.40625,107307.1171875,104206.515625,106791.0859375,36515726122.0,1185.6796875,0,1,0
2025-05-19,0.8257859774998256,106430.53125,107068.71875,102112.6875,105606.1796875,61761126647.0,-824.3515625,0,0,1
2025-05-18,0.6663660605748495,103186.953125,106597.171875,103142.6015625,106446.0078125,49887082058.0,3259.0546875,0,0,1
2025-05-17,0.748660433292389,103489.2890625,103716.9453125,102659.1796875,103191.0859375,37898552742.0,-298.203125,0,0,1
2025-05-16,0.7659089763959249,103735.65625,104533.484375,103137.4765625,103489.2890625,44386499364.0,-246.3671875,0,1,0
2025-05-15,0.6441195011138916,103538.828125,104153.6171875,101440.8125,103744.640625,50408241840.0,205.8125,0,0,1
2025-05-14,0.9766229391098022,104167.328125,104303.5625,102618.296875,103539.4140625,45956071155.0,-627.9140625,0,0,1
2025-05-13,0.8693722933530807,102812.4921875,104997.421875,101515.09375,104169.8125,52608876410.0,1357.3203125,0,0,1
2025-05-12,0.7315897464752197,104106.9609375,105747.453125,100814.40625,102812.953125,63250475404.0,-1294.0078125,0,0,1
2025-05-11,0.7576545476913452,104701.0703125,104937.9921875,103364.7421875,104106.359375,46285517406.0,-594.7109375,0,0,1
2025-05-10,0.8117777705192566,102973.7109375,104961.765625,102830.484375,104696.328125,42276713994.0,1722.6171875,0,0,1
2025-05-09,0.7791846735136849,103239.125,104297.4921875,102343.09375,102970.8515625,58198593958.0,-268.2734375,0,0,1
2025-05-08,0.8813970003809247,97034.25,103969.5390625,96913.875,103241.4609375,69895404397.0,6207.2109375,0,0,1
2025-05-07,0.8704591308321271,96800.1953125,97625.8046875,95829.3359375,97032.3203125,76983822462.0,232.125,0,0,1
2025-05-06,0.7973485887050629,94748.3828125,96889.1796875,93399.859375,96802.4765625,26551275827.0,2054.09375,0,0,1
2025-05-05,0.6828602850437164,94319.5625,95193.1875,93566.265625,94748.0546875,25816260327.0,428.4921875,0,0,1
2025-05-03,0.865309496720632,96904.6328125,96943.8828125,95821.2890625,95891.796875,15775154889.0,-1012.8359375,0,0,1
2025-05-02,0.9849581718444824,96494.96875,97905.8984375,96375.9453125,96910.0703125,26421924677.0,415.1015625,0,0,1
2025-05-01,0.9589744806289673,94212.859375,97437.9609375,94153.6328125,96492.3359375,32875889623.0,2279.4765625,0,0,1
2025-04-30,0.767562597990036,94286.46875,95249.3203125,92979.640625,94207.3125,28344679831.0,-79.15625,0,0,1
2025-04-29,0.8764599442481995,94981.859375,95485.4140625,93796.6328125,94284.7890625,25806129921.0,-697.0703125,0,0,1
2025-04-28,0.8373486995697021,93755.3046875,95598.4921875,92860.8046875,94978.75,32363449569.0,1223.4453125,0,0,1
2025-04-27,0.8614022036393484,94660.90625,95301.203125,93665.3984375,93754.84375,18090367764.0,-906.0625,0,0,1
2025-04-26,0.8616848389307658,94714.6484375,95251.359375,93927.25,94646.9296875,17612825123.0,-67.71875,0,0,1
2025-04-25,0.9826397895812988,93954.25,95768.390625,92898.59375,94720.5,40915232364.0,766.25,0,0,1
2025-04-24,0.5742326378822327,93692.3984375,94016.1953125,91696.7109375,93943.796875,31483175315.0,251.3984375,0,0,1
2025-04-23,0.8376205960909525,93427.5859375,94535.734375,91962.9609375,93699.109375,41719568821.0,271.5234375,0,0,1
2025-04-22,0.9387891888618469,87521.875,93817.3828125,87084.53125,93441.890625,55899038456.0,5920.015625,0,0,1
2025-04-21,0.7999060494559151,85171.5390625,88460.09375,85143.8359375,87518.90625,41396190190.0,2347.3671875,0,0,1
2025-04-20,0.6407626271247864,85066.0703125,85306.3828125,83976.84375,85174.3046875,14664050812.0,108.234375,0,0,1
2025-04-19,0.9578731417655945,84450.8671875,85597.703125,84353.4609375,85063.4140625,15259300427.0,612.546875,0,0,1
2025-04-18,0.6376937627792358,84900.1875,85095.046875,84298.8828125,84450.8046875,12728372364.0,-449.3828125,0,0,1
2025-04-17,0.8476173162460328,84030.671875,85449.0703125,83749.75,84895.75,21276866029.0,865.078125,0,0,1
2025-04-16,0.717025101184845,83674.5078125,85428.28125,83100.6171875,84033.8671875,29617804112.0,359.359375,0,0,1
2025-04-15,0.694652646780014,84539.6953125,86429.3515625,83598.8203125,83668.9921875,28040322885.0,-870.703125,0,0,1
2025-04-14,0.8664819955825805,83694.5234375,85785.0,83690.640625,84542.390625,34090769777.0,847.8671875,0,1,0
2025-04-13,0.9925117492675781,85279.46875,86015.1875,83027.0078125,83684.9765625,28796984817.0,-1594.4921875,0,0,1
2025-04-11,0.8576436801390215,79625.046875,84247.4765625,78936.3203125,83404.8359375,41656778779.0,3779.7890625,0,0,1
2025-04-10,0.93522709608078,82565.9765625,82700.9296875,78456.1328125,79626.140625,44718000633.0,-2939.8359375,0,0,1
2025-04-09,0.5186780393123627,76273.5625,83541.0,74589.671875,82573.953125,84213627038.0,6300.390625,0,1,0
2025-04-08,0.5214347839355469,79218.4765625,80823.890625,76198.0234375,76271.953125,48314590749.0,-2946.5234375,0,1,0
2025-04-07,0.8225319882233938,78221.3359375,81119.0625,74436.6796875,79235.3359375,91262424987.0,1014.0,0,0,1
2025-04-05,0.6689828634262085,83844.703125,84207.015625,82377.734375,83504.796875,14380803631.0,-339.90625,0,1,0
2025-04-04,0.848709762096405,83100.25,84696.1484375,81670.75,83843.8046875,45157640207.0,743.5546875,0,0,1
2025-04-03,0.9227557522909982,82487.4765625,83909.296875,81282.1015625,83102.828125,36852112080.0,615.3515625,0,0,1
2025-04-02,0.816501518090566,85180.609375,88466.953125,82343.5390625,82485.7109375,47584398470.0,-2694.8984375,0,0,1
2025-04-01,0.5481949001550674,82551.921875,85487.3671875,82429.359375,85169.171875,28175650319.0,2617.25,0,1,0
2025-03-31,0.7967787981033325,82336.0625,83870.125,81293.890625,82548.9140625,29004228247.0,212.8515625,0,0,1
2025-03-30,0.793390134970347,82596.984375,83505.0,81573.25,82334.5234375,14763760943.0,-262.4609375,0,0,1
2025-03-29,0.7310520807902018,84352.0703125,84567.3359375,81634.140625,82597.5859375,16969396135.0,-1754.484375,0,0,1
2025-03-27,0.9878250360488892,86896.2578125,87786.7265625,85837.9375,87177.1015625,24413471941.0,280.84375,0,0,1
2025-03-26,0.595203086733818,87460.234375,88292.15625,85861.453125,86900.8828125,26704046038.0,-559.3515625,0,0,1
2025-03-25,0.8066359877586364,87512.8203125,88542.3984375,86346.078125,87471.703125,30005840049.0,-41.1171875,0,0,1
2025-03-24,0.8951901708330426,86070.9296875,88758.7265625,85541.1953125,87498.9140625,34582604933.0,1427.984375,0,0,1
2025-03-23,0.8682506680488586,83831.8984375,86094.78125,83794.9140625,86054.375,12594615537.0,2222.4765625,0,0,1
2025-03-22,0.6669624547163645,84046.2578125,84513.875,83674.78125,83832.484375,9863214091.0,-213.7734375,0,0,1
2025-03-21,0.6440859138965607,84164.5390625,84782.2734375,83171.0703125,84043.2421875,19030452299.0,-121.296875,0,0,1
2025-03-20,0.5000545978546143,86872.953125,87443.265625,83647.1953125,84167.1953125,29028988961.0,-2705.7578125,0,0,1
2025-03-19,0.737305760383606,82718.8046875,87021.1875,82569.7265625,86854.2265625,34931960257.0,4135.421875,0,0,1
2025-03-18,0.7894820868968964,84075.71875,84075.71875,81179.9921875,82718.5,24095774594.0,-1357.21875,0,0,1
2025-03-17,0.8123057434956232,82576.3359375,84725.328125,82492.15625,84075.6875,25092785558.0,1499.3515625,0,0,1
2025-03-16,0.8885917067527771,84333.3203125,85051.6015625,82017.90625,82579.6875,21330270174.0,-1753.6328125,0,0,1
2025-03-15,0.7643890976905823,83968.40625,84672.671875,83639.59375,84343.109375,13650491277.0,374.703125,0,1,0
2025-03-14,0.7644516974687576,81066.9921875,85263.2890625,80797.5625,83969.1015625,29588112414.0,2902.109375,0,0,1
2025-03-13,0.8736034482717514,83724.921875,84301.6953125,79931.8515625,81066.703125,31412940153.0,-2658.21875,0,0,1
2025-03-12,0.8508497079213461,82857.375,84358.578125,80635.25,83722.359375,40353484454.0,864.984375,0,0,1
2025-03-11,0.9029786984125773,78523.875,83577.7578125,76624.25,82862.2109375,54702837196.0,4338.3359375,0,0,1
2025-03-10,0.8290598051888602,80597.1484375,83955.9296875,77420.59375,78532.0,54061099422.0,-2065.1484375,0,1,0
2025-03-09,0.8233765661716461,86154.3046875,86471.1328125,80052.484375,80601.0390625,30899345977.0,-5553.265625,0,0,1
2025-03-08,0.9108774065971375,86742.65625,86847.265625,85247.484375,86154.59375,18206118081.0,-588.0625,0,0,1
2025-03-07,0.8592199224692124,89963.28125,91191.046875,84717.6796875,86742.671875,65945677657.0,-3220.609375,0,0,1
2025-03-06,0.5138489007949829,90622.359375,92804.9375,87852.140625,89961.7265625,47749810486.0,-660.6328125,0,0,1
2025-03-05,0.7189673781394958,87222.953125,90998.2421875,86379.7734375,90623.5625,50498988027.0,3400.609375,0,0,1
2025-03-04,0.8525655642151833,86064.0703125,88911.2734375,81529.2421875,87222.1953125,68095241474.0,1158.125,0,0,1
2025-03-03,0.7653548717498779,94248.421875,94429.75,85081.3046875,86065.671875,70072228536.0,-8182.75,0,1,0
2025-02-28,0.5359458923339844,84705.625,85036.3203125,78248.9140625,84373.0078125,83610570576.0,-332.6171875,0,1,0
2025-02-25,0.8188506563504537,91437.1171875,92511.078125,86008.234375,88736.171875,92139104128.0,-2700.9453125,0,0,1
2025-02-24,0.8851798176765442,96277.9609375,96503.453125,91371.7421875,91418.171875,44046480529.0,-4859.7890625,0,0,1
2025-02-23,0.6553017497062683,96577.8046875,96671.875,95270.453125,96273.921875,16999478976.0,-303.8828125,0,0,1
2025-02-22,0.9575636386871338,96134.203125,96950.15625,95765.34375,96577.7578125,18353824477.0,443.5546875,0,0,1
2025-02-21,0.7344925403594971,98340.671875,99497.96875,94852.9609375,96125.546875,49608706470.0,-2215.125,0,0,1
2025-02-20,0.8236486613750458,96632.6796875,98767.1953125,96442.671875,98333.9375,31668022771.0,1701.2578125,0,1,0
2025-02-19,0.9526607990264893,95532.53125,96855.59375,95011.96875,96635.609375,28990872862.0,1103.078125,0,0,1
2025-02-18,0.6790589292844137,95773.8125,96695.375,93388.8359375,95539.546875,37325720482.0,-234.265625,0,0,1
2025-02-17,0.7653548717498779,96179.0078125,97032.234375,95243.546875,95773.3828125,27336550690.0,-405.625,0,1,0
2025-02-15,0.8777685165405273,97508.3828125,97975.0390625,97240.1953125,97580.3515625,17047266288.0,71.96875,0,0,1
2025-02-14,0.8972273021936417,96623.3671875,98819.46875,96342.8046875,97508.96875,32697987277.0,885.6015625,0,0,1
2025-02-13,0.6793318390846252,97888.75,98111.0859375,95269.7109375,96623.8671875,37147280860.0,-1264.8828125,0,0,1
2025-02-12,0.5781116634607315,95745.6953125,98151.0234375,94101.203125,97885.859375,49340445530.0,2140.1640625,0,0,1
2025-02-10,0.5934412181377411,96499.4609375,98333.21875,95320.84375,97437.5546875,40078962391.0,938.09375,0,0,1
2025-02-09,0.639502763748169,96481.3125,97325.28125,94745.2578125,96500.09375,27732901800.0,18.78125,0,0,1
2025-02-08,0.7994082272052765,96533.2578125,96877.8046875,95702.4921875,96482.453125,22447526395.0,-50.8046875,0,0,1
2025-02-07,0.8301520744959513,96581.3203125,100154.140625,95653.8828125,96529.0859375,55741290456.0,-52.234375,0,0,1
2025-02-06,0.5427068670590719,96610.640625,99168.609375,95707.3515625,96593.296875,45302471947.0,-17.34375,0,0,1
2025-02-05,0.5501035451889038,97878.0078125,99113.2109375,96174.828125,96615.4453125,49125911241.0,-1262.5625,0,0,1
2025-02-04,0.6835523645083109,101398.71875,101745.6171875,96208.109375,97871.8203125,73002130211.0,-3526.8984375,0,1,0
2025-02-03,0.7649116218090057,97681.1015625,102514.171875,91242.890625,101405.421875,115400897748.0,3724.3203125,0,0,1
2025-02-02,0.7205343395471573,100661.5390625,101430.6640625,96216.078125,97688.9765625,63091816853.0,-2972.5625,0,0,1
2025-02-01,0.5819060206413269,102402.796875,102755.7265625,100297.7109375,100655.90625,27757944848.0,-1746.890625,1,0,0
2025-01-31,0.7872713804244995,104737.5625,106026.3515625,101543.8828125,102405.0234375,45732764360.0,-2332.5390625,0,0,1
2025-01-30,0.5940952003002167,103709.3359375,106418.765625,103321.6484375,104735.3046875,41915744521.0,1025.96875,0,0,1
2025-01-29,0.6882229745388031,101317.5234375,104750.8046875,101283.8203125,103703.2109375,47432049818.0,2385.6875,0,0,1
2025-01-28,0.6172659993171692,102095.4140625,103730.8203125,100238.1875,101332.4765625,47180685494.0,-762.9375,0,0,1
2025-01-27,0.7192533910274506,102680.3046875,103214.109375,97795.9375,102087.6875,89006608428.0,-592.6171875,0,0,1
2025-01-26,0.6835856437683105,104713.2109375,105438.6484375,102507.7109375,102682.5,22543395879.0,-2030.7109375,0,0,1
2025-01-25,0.6946424245834351,104824.03125,105243.7890625,104120.375,104714.6484375,23888996502.0,-109.3828125,0,0,1
2025-01-21,0.6649039387702942,102052.578125,107180.921875,100103.953125,106146.265625,88733878242.0,4093.6875,0,0,1
2025-01-20,0.6987854242324829,101083.75,109114.8828125,99471.359375,102016.6640625,126279678351.0,932.9140625,0,1,0
2025-01-19,0.6390711665153503,104411.2890625,106299.796875,99570.53125,101089.609375,76789928525.0,-3321.6796875,0,1,0
2025-01-18,0.6376937627792358,104124.953125,104913.203125,102226.6171875,104408.0703125,50445655726.0,283.1171875,0,0,1
2025-01-17,0.5577196478843689,100025.765625,105884.2265625,99948.90625,104462.0390625,71888972663.0,4436.2734375,0,0,1
2025-01-15,0.58625328540802,96534.046875,100697.234375,96501.640625,100504.4921875,57805923627.0,3970.4453125,0,0,1
2025-01-13,0.7653548717498779,94488.890625,95837.0,89260.1015625,94516.5234375,72978998252.0,27.6328125,0,1,0
2025-01-11,0.47175002098083496,94700.8359375,94977.6875,93840.046875,94566.59375,18860894100.0,-134.2421875,0,1,0
2025-01-09,0.6660988330841064,95043.484375,95349.71875,91220.84375,92484.0390625,62777261693.0,-2559.4453125,0,0,1
2025-01-08,0.6305539608001709,96924.1640625,97258.3203125,92525.84375,95043.5234375,63875859171.0,-1880.640625,0,1,0
2025-01-06,0.8538686633110046,98314.953125,102482.875,97926.1484375,102078.0859375,51823432705.0,3763.1328125,0,0,1
2025-01-04,0.7578868567943573,98106.9921875,98734.4296875,97562.9765625,98236.2265625,22342608078.0,129.234375,0,0,1
2025-01-03,0.5060194730758667,96881.7265625,98956.9140625,96034.6171875,98107.4296875,35611391163.0,1225.703125,1,0,0
2025-01-02,0.7850087285041809,94416.2890625,97739.8203125,94201.5703125,96886.875,46009564411.0,2470.5859375,0,1,0
2024-12-31,0.6096692681312561,92643.25,96090.6015625,91914.03125,93429.203125,43625106843.0,785.953125,0,0,1
2024-12-30,0.7358609437942505,93527.1953125,94903.3203125,91317.1328125,92643.2109375,56188003691.0,-883.984375,0,0,1
2024-12-29,0.5783295631408691,95174.0546875,95174.875,92881.7890625,93530.2265625,29635885267.0,-1643.828125,0,1,0
2024-12-28,0.6500228345394135,94160.1875,95525.8984375,94014.2890625,95163.9296875,24107436185.0,1003.7421875,0,0,1
2024-12-23,0.5943874597549439,95099.390625,96416.2109375,92403.1328125,94686.2421875,65239002919.0,-413.1484375,0,1,0
2024-12-21,0.9423601031303406,97756.1953125,99507.1015625,96426.5234375,97224.7265625,51765334294.0,-531.46875,0,0,1
2024-12-18,0.6376937627792358,106147.296875,106470.609375,100041.5390625,100041.5390625,93865656139.0,-6105.7578125,0,0,1
2024-12-17,0.6393700540065765,106030.6875,108268.4453125,105291.734375,106140.6015625,68589364868.0,109.9140625,0,0,1
2024-12-16,0.6559461653232574,104293.578125,107780.578125,103322.984375,106029.71875,91020417816.0,1736.140625,0,1,0
2024-12-15,0.6368081867694855,101373.53125,105047.5390625,101227.03125,104298.6953125,51145914137.0,2925.1640625,0,0,1
2024-12-12,0.9494709372520447,101167.8046875,102524.9140625,99339.953125,100043.0,72073983533.0,-1124.8046875,0,0,1
2024-12-09,0.7270190417766571,101237.0625,101272.5078125,94355.9140625,97432.71875,110676473908.0,-3804.34375,0,0,1
2024-12-08,0.5083264708518982,99921.9140625,101399.9921875,98771.515625,101236.015625,44125751925.0,1314.1015625,0,1,0
2024-12-06,0.7997261881828308,97074.2265625,102039.8828125,96514.875,99920.7109375,94534772658.0,2846.484375,0,0,1
2024-12-05,0.6891629099845886,98741.5390625,103900.46875,91998.78125,96593.5703125,149218945580.0,-2147.96875,0,0,1
2024-12-04,0.915068507194519,95988.53125,99207.328125,94660.5234375,98768.53125,77199817112.0,2780.0,0,0,1
2024-12-02,0.639327734708786,97276.0078125,98152.6015625,94482.8671875,95865.3046875,72680784305.0,-1410.703125,0,0,1
2024-12-01,0.8175422549247742,96461.3359375,97888.125,95770.1875,97279.7890625,36590695296.0,818.453125,1,0,0
2024-11-30,0.6340922713279724,97468.8125,97499.34375,96144.21875,96449.0546875,31634227866.0,-1019.7578125,0,1,0
2024-11-25,0.7653548717498779,98033.4453125,98935.03125,92642.9140625,93102.296875,80909462490.0,-4931.1484375,0,1,0
2024-11-23,0.5045685768127441,99006.7421875,99014.6796875,97232.890625,97777.28125,44414644677.0,-1229.4609375,0,1,0
2024-11-21,0.5053916573524475,94334.640625,99014.21875,94132.6015625,98504.7265625,106024505582.0,4170.0859375,0,0,1
2024-11-18,0.7945932149887085,89843.71875,92596.7890625,89393.59375,90542.640625,75535775084.0,698.921875,0,0,1
2024-11-15,0.7133775353431702,87284.1796875,91868.7421875,87124.8984375,91066.0078125,78243109518.0,3781.828125,0,0,1
2024-11-12,0.7880380153656006,88705.5625,89956.8828125,85155.109375,87955.8125,133673285375.0,-749.75,0,1,0
2024-11-11,0.7653548717498779,80471.4140625,89604.5,80283.25,88701.484375,117966845037.0,8230.0703125,0,1,0
2024-11-08,0.5369491577148438,75902.8359375,77252.75,75648.7421875,76545.4765625,55176858003.0,642.640625,0,0,1
2024-11-06,0.856995701789856,69358.5,76460.15625,69322.03125,75639.078125,118592653963.0,6280.578125,0,0,1
2024-11-04,0.7595543265342712,68742.1328125,69433.1796875,66803.6484375,67811.5078125,41184819348.0,-930.625,0,1,0
2024-10-31,0.6423723697662354,72335.046875,72662.3125,69590.5,70215.1875,40627912076.0,-2119.859375,0,0,1
2024-10-29,0.9648570418357849,69910.046875,73577.2109375,69729.9140625,72720.4921875,58541874402.0,2810.4453125,1,0,0
2024-10-28,0.7653548717498779,67922.671875,70212.265625,67535.1328125,69907.7578125,38799856657.0,1985.0859375,0,1,0
2024-10-25,0.5518297553062439,68165.296875,68722.15625,65521.79296875,66642.4140625,41469984306.0,-1522.8828125,0,0,1
2024-10-24,0.8241251508394877,66653.703125,68798.9609375,66454.1015625,68161.0546875,31414428647.0,1507.3515625,0,0,1
2024-10-22,0.6445683240890503,67360.703125,67801.578125,66581.3671875,67361.40625,31808472566.0,0.703125,0,0,1
2024-10-21,0.7653548717498779,69002.0,69462.734375,66829.8515625,67367.8515625,37498611780.0,-1634.1484375,0,1,0
2024-10-18,0.6805328925450643,67419.109375,68969.75,67177.8203125,68418.7890625,36857165014.0,999.6796875,0,1,0
2024-10-16,0.5791891813278198,67042.4609375,68375.2890625,66758.7265625,67612.71875,38195189534.0,570.2578125,0,1,0
2024-10-15,0.5728528698285421,66050.3671875,67881.6796875,64809.1953125,67041.109375,48863870879.0,990.7421875,0,0,1
2024-10-14,0.7803175449371338,62848.3984375,66482.4921875,62442.15234375,66046.125,43706958056.0,3197.7265625,0,0,1
2024-10-12,0.7226113975048065,62444.6171875,63448.78515625,62443.26953125,63193.0234375,16744110886.0,748.40625,0,0,1
2024-10-10,0.8619482219219208,60581.9296875,61236.72265625,58895.20703125,60274.5,30452813570.0,-307.4296875,0,0,1
2024-10-09,0.8046796917915344,62131.7265625,62508.8359375,60314.61328125,60582.1015625,27670982363.0,-1549.625,0,0,1
2024-10-08,0.8654940823713938,62221.64453125,63174.3046875,61843.5625,62131.96875,28134475157.0,-89.67578125,0,0,1
2024-10-07,0.6465543508529663,62819.109375,64443.70703125,62152.55078125,62236.66015625,34253562610.0,-582.44921875,0,0,1
2024-10-06,0.7840419709682465,62084.98828125,62959.5703125,61833.1484375,62818.953125,14776233667.0,733.96484375,0,0,1
2024-10-05,0.8342162847518921,62067.609375,62371.0234375,61689.58203125,62089.94921875,13305410749.0,22.33984375,0,0,1
2024-10-03,0.6833900809288025,60632.484375,61469.0390625,59878.8046875,60759.40234375,36106447279.0,126.91796875,0,1,0
2024-10-02,0.7744022309780121,60836.32421875,62357.6875,59996.94921875,60632.78515625,40762722398.0,-203.5390625,0,0,1
2024-10-01,0.5626803636550903,63335.60546875,64110.98046875,60189.27734375,60837.0078125,50220923500.0,-2498.59765625,0,1,0
2024-09-30,0.5680331587791443,65634.65625,65635.0546875,62873.6171875,63329.5,37112957475.0,-2305.15625,0,0,1
2024-09-29,0.7998536825180054,65888.8984375,66069.34375,65450.015625,65635.3046875,14788214575.0,-253.59375,0,0,1
2024-09-28,0.7420877933502197,65792.1796875,66255.53125,65458.03515625,65887.6484375,15243637984.0,95.46875,0,0,1
2024-09-27,0.7678509950637817,65180.6640625,66480.6953125,64852.9921875,65790.6640625,32058813449.0,610.0,0,0,1
2024-09-26,0.7285410761833191,63138.546875,65790.796875,62669.26953125,65181.01953125,36873129847.0,2042.47265625,0,0,1
2024-09-24,0.7870714068412781,63326.83984375,64695.21484375,62737.41796875,64301.96875,29938335243.0,975.12890625,0,0,1
2024-09-23,0.6904758363962173,63643.1015625,64733.55859375,62628.078125,63329.80078125,31400285425.0,-313.30078125,0,0,1
2024-09-20,0.7793515622615814,62941.42578125,64119.53125,62364.60546875,63192.9765625,35177164222.0,251.55078125,0,0,1
2024-09-19,0.9900686144828796,61651.15625,63872.44140625,61609.8671875,62940.45703125,42710252573.0,1289.30078125,0,0,1
2024-09-18,0.6464786529541016,60309.0,61664.06640625,59218.25390625,61649.6796875,40990702891.0,1340.6796875,0,0,1
2024-09-17,0.5593777745962143,58192.5078125,61316.08984375,57628.0703125,60308.5390625,38075570118.0,2116.03125,0,0,1
2024-09-16,0.750413179397583,59185.2265625,59205.51171875,57501.33984375,58192.5078125,32032822113.0,-992.71875,0,0,1
2024-09-15,0.6709291537602743,60000.7265625,60381.91796875,58696.30859375,59182.8359375,18120960867.0,-817.890625,0,1,0
2024-09-14,0.7216672301292419,60569.1171875,60656.72265625,59517.8828125,60005.12109375,16428405496.0,-563.99609375,0,0,1
2024-09-13,0.9516751170158386,58130.32421875,60648.0234375,57650.11328125,60571.30078125,32490528356.0,2440.9765625,0,0,1
2024-09-12,0.8712360660235087,57343.171875,58534.359375,57330.1015625,58127.01171875,33835707949.0,783.83984375,0,0,1
2024-09-11,0.9095008969306946,57650.2890625,57991.3203125,55567.33984375,57343.171875,37049062672.0,-307.1171875,0,0,1
2024-09-10,0.7084171175956726,57020.09765625,58029.9765625,56419.4140625,57648.7109375,28857630507.0,628.61328125,0,0,1
2024-09-09,0.7134195963541666,54851.88671875,58041.125,54598.43359375,57019.53515625,34618096173.0,2167.6484375,0,0,1
2024-09-08,0.6251893639564514,54147.93359375,55300.859375,53653.7578125,54841.56640625,18268287531.0,693.6328125,0,0,1
2024-09-07,0.6735042134920756,53949.0859375,54838.14453125,53740.0703125,54139.6875,19061486526.0,190.6015625,0,0,1
2024-09-05,0.9672156771024069,57971.703125,58300.58203125,55712.453125,56160.48828125,31030280656.0,-1811.21484375,0,0,1
2024-09-04,0.6529384255409241,57430.34765625,58511.5703125,55673.1640625,57971.5390625,35627680312.0,541.19140625,0,0,1
2024-09-03,0.7418281435966492,59106.19140625,59815.05859375,57425.16796875,57431.0234375,26666961053.0,-1675.16796875,0,0,1
2024-09-02,0.7653548717498779,57326.96875,59403.0703125,57136.02734375,59112.48046875,27036454524.0,1785.51171875,0,1,0
2024-09-01,0.6283699075380961,58969.80078125,59062.0703125,57217.82421875,57325.48828125,24592449997.0,-1644.3125,0,0,1
2024-08-30,0.6841884255409241,59388.6015625,59896.88671875,57768.53125,59119.4765625,32292756405.0,-269.125,0,0,1
2024-08-28,0.6699649095535278,59507.92578125,60236.44921875,57890.67578125,59027.625,40289564698.0,-480.30078125,0,0,1
2024-08-26,0.6573480367660522,64342.2265625,64489.70703125,62849.55859375,62880.66015625,27682040631.0,-1461.56640625,0,0,1
2024-08-24,0.6433654427528381,64103.87109375,64513.7890625,63619.91796875,64178.9921875,21430585163.0,75.12109375,0,0,1
2024-08-23,0.7434607148170471,60380.953125,64947.0625,60372.05078125,64094.35546875,42530509233.0,3713.40234375,0,1,0
2024-08-22,0.6402831077575684,61168.31640625,61408.109375,59815.25390625,60381.9140625,27625734377.0,-786.40234375,0,0,1
2024-08-21,0.5225794911384583,59014.98828125,61834.3515625,58823.4453125,61175.19140625,32731154072.0,2160.203125,0,0,1
2024-08-20,0.7958866953849792,59493.453125,61396.328125,58610.8828125,59012.79296875,31613400008.0,-480.66015625,0,0,1
2024-08-19,0.6166305765509605,58480.7109375,59612.66015625,57864.7109375,59493.453125,25911207712.0,1012.7421875,0,0,1
2024-08-18,0.7925730228424073,59468.1328125,60262.71875,58445.40234375,58483.96484375,17740625837.0,-984.16796875,0,0,1
2024-08-17,0.6345498164494833,58893.53125,59694.66796875,58814.83203125,59478.97265625,13589684021.0,585.44140625,0,0,1
2024-08-16,0.7868963082631429,57560.2734375,59847.359375,57110.01953125,58894.10546875,29350938673.0,1333.83203125,0,0,1
2024-08-15,0.8661796365465436,58733.26171875,59838.6484375,56161.59375,57560.09765625,35682112440.0,-1173.1640625,0,0,1
2024-08-14,0.8022344907124838,60611.05078125,61687.7578125,58472.875,58737.26953125,29961696180.0,-1873.78125,0,0,1
2024-08-13,0.6316757202148438,59356.20703125,61572.3984375,58506.25390625,60609.56640625,30327698167.0,1253.359375,0,0,1
2024-08-12,0.8807762563228607,58719.39453125,60680.33203125,57688.8984375,59354.515625,37078637820.0,635.12109375,0,0,1
2024-08-10,0.9807912111282349,60881.23046875,61464.51171875,60287.56640625,60945.8125,15745822278.0,64.58203125,0,0,1
2024-08-08,0.8753242492675781,55030.02734375,62673.765625,54766.7265625,61710.13671875,45298472567.0,6680.109375,0,0,1
2024-08-07,0.6765532890955607,56040.6328125,57726.8828125,54620.5078125,55027.4609375,41637562185.0,-1013.171875,0,0,1
2024-08-06,0.6062083840370178,53991.34765625,57059.91796875,53973.2734375,56034.31640625,49300484106.0,2042.96875,0,0,1
2024-08-05,0.8044961392879486,58110.296875,58268.828125,49121.23828125,53991.45703125,108991085584.0,-4118.83984375,0,0,1
2024-08-04,0.5743706872065862,60676.09375,61062.98828125,57210.8046875,58116.9765625,31758917219.0,-2559.1171875,0,0,1
2024-08-03,0.7200852513313294,61414.80859375,62148.37109375,59836.52734375,60680.09375,31753030589.0,-734.71484375,0,0,1
2024-08-02,0.5221868872642517,65353.5,65523.22265625,61184.89453125,61415.06640625,43060875727.0,-3938.43359375,0,0,1
2024-08-01,0.7299136891961098,64625.83984375,65593.2421875,62248.94140625,65357.5,40975554494.0,731.66015625,0,0,1
2024-07-31,0.6297456845641136,66201.2734375,66810.2109375,64532.046875,64619.25,31292785994.0,-1582.0234375,0,0,1
2024-07-30,0.5153956413269043,66819.0546875,66987.671875,65323.19140625,66201.015625,31380492109.0,-618.0390625,0,1,0
2024-07-29,0.7032864604677472,68259.0546875,69987.5390625,66532.59375,66819.9140625,40780682628.0,-1439.140625,0,0,1
2024-07-28,0.6517567038536072,67808.65625,68301.8515625,67085.828125,68255.8671875,18043166945.0,447.2109375,0,0,1
2024-07-27,0.5860906839370728,67911.8125,69398.5078125,66705.21875,67813.3359375,34691905492.0,-98.4765625,0,0,1
2024-07-26,0.6007015506426493,65771.8125,68207.6015625,65743.765625,67912.0625,30488630457.0,2140.25,0,1,0
2024-07-25,0.5552531182765961,65375.875,66112.421875,63473.47265625,65777.2265625,38315761670.0,401.3515625,0,0,1
2024-07-24,0.6393508315086365,65927.859375,67113.984375,65146.99609375,65372.1328125,27470942309.0,-555.7265625,0,0,1
2024-07-23,0.6716890732447306,67584.8046875,67779.015625,65484.4609375,65927.671875,35605668666.0,-1657.1328125,0,0,1
2024-07-22,0.7886057694753011,68152.9765625,68480.0625,66611.296875,67585.25,42649109453.0,-567.7265625,0,0,1
2024-07-20,0.5992054343223572,66709.921875,67610.734375,66299.6171875,67163.6484375,19029581250.0,453.7265625,0,0,1
2024-07-19,0.5979786217212677,63972.32421875,67442.640625,63329.34375,66710.15625,37003855410.0,2737.83203125,0,1,0
2024-07-18,0.6026116609573364,64104.73828125,65104.66015625,63246.1640625,63974.06640625,27239305337.0,-130.671875,0,1,0
2024-07-17,0.6125484704971313,65091.83203125,66066.734375,63896.0859375,64118.79296875,32525071311.0,-973.0390625,0,0,1
2024-07-16,0.736303448677063,64784.41796875,65354.33984375,62487.96875,65097.1484375,41617346768.0,312.73046875,0,0,1
2024-07-15,0.6497407704591751,60815.45703125,64870.15234375,60704.9296875,64870.15234375,38094526099.0,4054.6953125,0,0,1
2024-07-14,0.8085654854774476,59225.25,61329.52734375,59225.25,60787.79296875,22223416061.0,1562.54296875,0,1,0
2024-07-13,0.6723657382859124,57908.73828125,59787.078125,57796.44140625,59231.953125,17080061806.0,1323.21484375,0,0,1
2024-07-12,0.6003708466887474,57341.1953125,58532.5546875,56590.17578125,57899.46484375,25604805221.0,558.26953125,0,0,1
2024-07-11,0.7438897093137106,57729.890625,59299.43359375,57120.37890625,57344.9140625,28707803842.0,-384.9765625,0,0,1
2024-07-10,0.6529351472854614,58033.8828125,59359.43359375,57178.4140625,57742.49609375,26175260526.0,-291.38671875,0,0,1
2024-07-09,0.5842382311820984,56704.59765625,58239.1953125,56316.875,58009.2265625,27849512607.0,1304.62890625,0,1,0
2024-07-08,0.6625447273254395,55849.57421875,58131.3359375,54321.01953125,56705.09765625,39766159899.0,855.5234375,0,1,0
2024-07-07,0.5810069782393319,58239.4296875,58371.12109375,55793.32421875,55849.109375,20553359505.0,-2390.3203125,0,0,1
2024-07-06,0.6089562177658081,56659.07421875,58472.546875,56038.9609375,58303.5390625,20610320577.0,1644.46484375,0,1,0
2024-07-05,0.7106097936630249,57022.80859375,57497.15234375,53717.375,56662.375,55417544033.0,-360.43359375,0,0,1
2024-07-04,0.9209790527820587,60147.13671875,60399.67578125,56777.8046875,56977.703125,41149609230.0,-3169.43359375,0,0,1
2024-07-03,0.5712255537509918,62034.33203125,62187.703125,59419.38671875,60173.921875,29756701685.0,-1860.41015625,0,0,1
2024-07-02,0.6071524024009705,62844.41015625,63203.359375,61752.74609375,62029.015625,20151616992.0,-815.39453125,0,1,0
2024-07-01,0.8168104382661673,62673.60546875,63777.2265625,62495.51171875,62851.98046875,25468379421.0,178.375,0,0,1
2024-06-30,0.7265022794405619,60888.4453125,62892.828125,60632.94921875,62678.29296875,17333226409.0,1789.84765625,0,1,0
2024-06-29,0.7112069353461266,60319.875,61097.62109375,60300.96484375,60887.37890625,12652903396.0,567.50390625,0,0,1
2024-06-28,0.5272054672241211,61612.8046875,62126.09765625,59985.40234375,60320.13671875,24952866877.0,-1292.66796875,0,1,0
2024-06-27,0.7374823689460754,60811.2265625,62293.86328125,60585.33203125,61604.80078125,21231745045.0,793.57421875,0,0,1
2024-06-26,0.8936621397733688,61789.67578125,62434.13671875,60695.1875,60811.27734375,22506003064.0,-978.3984375,0,0,1
2024-06-25,0.6410754173994064,60266.28125,62258.26171875,60239.75,61804.640625,29201215431.0,1538.359375,0,1,0
2024-06-24,0.829027408361435,63173.3515625,63292.52734375,58601.69921875,60277.4140625,43152133651.0,-2895.9375,0,0,1
2024-06-23,0.648183286190033,64248.96484375,64491.703125,63180.796875,63180.796875,11170471802.0,-1068.16796875,0,0,1
2024-06-22,0.9398723840713501,64113.86328125,64475.46875,63929.7578125,64252.578125,9858198793.0,138.71484375,0,0,1
2024-06-21,0.7512441674868265,64837.98828125,65007.546875,63378.89453125,64096.19921875,26188171739.0,-741.7890625,0,0,1
2024-06-20,0.7072024345397949,64960.296875,66438.9609375,64547.84765625,64828.65625,25641109124.0,-131.640625,0,1,0
2024-06-19,0.837811257158007,65146.66015625,65695.3515625,64693.30078125,64960.296875,21103423504.0,-186.36328125,0,0,1
2024-06-18,0.5817866027355194,66490.9765625,66556.703125,64066.95703125,65140.74609375,39481285950.0,-1350.23046875,0,0,1
2024-06-17,0.6678678492705027,66636.515625,67188.3203125,65094.96484375,66490.296875,30006354476.0,-146.21875,0,1,0
2024-06-16,0.890728751818339,66189.359375,66894.84375,66018.25,66639.046875,13281140541.0,449.6875,0,0,1
2024-06-15,0.6085663437843323,66006.7421875,66402.1875,65871.7734375,66191.0,14121265576.0,184.2578125,0,1,0
2024-06-14,0.8726198077201843,66747.5703125,67294.6484375,65056.89453125,66011.09375,27403884779.0,-736.4765625,0,0,1
2024-06-13,0.7686074525117874,68243.1015625,68365.78125,66304.5625,66756.3984375,28955204146.0,-1486.703125,0,0,1
2024-06-12,0.8831752339998881,67321.375,69977.890625,66902.453125,68241.1875,34497940694.0,919.8125,0,0,1
2024-06-11,0.7075767815113068,69508.078125,69549.4140625,66123.6015625,67332.03125,37116136345.0,-2176.046875,0,0,1
2024-06-10,0.7445796330769857,69644.3125,70146.0703125,69232.421875,69512.28125,20597699541.0,-132.03125,0,0,1
2024-06-09,0.5845592220624288,69297.4921875,69817.5234375,69160.84375,69647.9921875,13534028500.0,350.5,0,0,1
2024-06-07,0.849253922700882,70759.1875,71907.8515625,68507.2578125,69342.5859375,36188381096.0,-1416.6015625,0,0,1
2024-06-06,0.6718418342726571,71082.84375,71625.734375,70119.125,70757.1640625,25223152007.0,-325.6796875,0,1,0
2024-06-05,0.5029300451278687,70568.3515625,71735.4140625,70390.7109375,71082.8203125,32810771409.0,514.46875,0,0,1
2024-06-04,0.8743766099214554,68804.5703125,71047.40625,68564.640625,70567.765625,33149696545.0,1763.1953125,0,0,1
2024-06-03,0.6980035305023193,67753.8984375,70230.8203125,67589.8359375,68804.78125,32401285324.0,1050.8828125,0,0,1
2024-06-02,0.8327367752790451,67710.2734375,68409.1640625,67315.5234375,67751.6015625,17110588415.0,41.328125,0,0,1
2024-06-01,0.7022431152207511,67489.609375,67839.765625,67386.1953125,67706.9375,11641495604.0,217.328125,0,1,0
2024-05-31,0.6748304665088654,68362.515625,68999.5625,66633.421875,67491.4140625,27387283769.0,-871.1015625,0,0,1
2024-05-30,0.8270697196324667,67576.0859375,69500.5390625,67118.078125,68364.9921875,29509712534.0,788.90625,0,0,1
2024-05-29,0.7029380400975546,68296.3515625,68852.4609375,67101.4921875,67578.09375,26707072906.0,-718.2578125,0,0,1
2024-05-28,0.581771989663442,69392.1953125,69514.640625,67227.15625,68296.21875,32722265965.0,-1095.9765625,0,1,0
2024-05-27,0.7973145544528961,68512.1796875,70597.8828125,68232.5,69394.5546875,25870990717.0,882.375,0,0,1
2024-05-26,0.5943058133125305,69264.2890625,69506.2265625,68183.890625,68518.09375,15628433737.0,-746.1953125,0,0,1
2024-05-25,0.7087064385414124,68526.921875,69579.3203125,68515.8203125,69265.9453125,15473071741.0,739.0234375,0,0,1
2024-05-24,0.6584827184677124,67928.1328125,69220.296875,66622.671875,68526.1015625,29197308153.0,597.96875,0,1,0
2024-05-23,0.6360919252038002,69121.3046875,70041.2734375,66356.953125,67929.5625,41895680979.0,-1191.7421875,0,1,0
2024-05-22,0.6694511572519938,70135.3203125,70623.6953125,68977.6953125,69122.3359375,32802561717.0,-1012.984375,0,1,0
2024-05-21,0.6437102556228638,71443.0625,71946.4609375,69191.125,70136.53125,46932005990.0,-1306.53125,0,1,0
2024-05-20,0.7778352995713552,66278.7421875,71483.5625,66086.171875,71448.1953125,43850655717.0,5169.453125,0,0,1
2024-05-19,0.6553381204605102,66937.9296875,67694.296875,65937.1796875,66278.3671875,19249094538.0,-659.5625,0,1,0
2024-05-18,0.7653136253356934,67066.2109375,67387.328125,66663.5,66940.8046875,16712277406.0,-125.40625,0,0,1
2024-05-17,0.6223518252372742,65231.296875,67459.4609375,65119.31640625,67051.875,28031279310.0,1820.578125,0,1,0
2024-05-16,0.6443818867206573,66256.109375,66712.4296875,64613.0546875,65231.58203125,31573077994.0,-1024.52734375,0,0,1
2024-05-15,0.6995067550585821,61553.98828125,66454.453125,61330.41015625,66267.4921875,39815167074.0,4713.50390625,0,0,1
2024-05-14,0.7283117324113846,62900.7734375,63092.125,61123.765625,61552.7890625,28186271527.0,-1347.984375,0,0,1
2024-05-13,0.6887192262543572,61451.21875,63422.66015625,60769.83984375,62901.44921875,27889181179.0,1450.23046875,0,0,1
2024-05-12,0.7239095568656921,60793.50390625,61818.15625,60632.6015625,61448.39453125,13800459405.0,654.890625,0,1,0
2024-05-11,0.779402494430542,60793.35546875,61451.15234375,60492.625,60793.7109375,13842272968.0,0.35546875,0,0,1
2024-05-10,0.6022876650094986,63055.19140625,63446.7421875,60208.78125,60792.77734375,27804954694.0,-2262.4140625,0,0,1
2024-05-09,0.6375063615185874,61191.19921875,63404.9140625,60648.07421875,63049.9609375,25453338161.0,1858.76171875,0,1,0
2024-05-08,0.711633674800396,62332.640625,62986.0859375,60877.12890625,61187.94140625,26088172222.0,-1144.69921875,0,0,1
2024-05-07,0.7417151212692261,63162.76171875,64390.45703125,62285.98046875,62334.81640625,25930730982.0,-827.9453125,0,0,1
2024-05-06,0.7288990139961242,64038.3125,65494.90234375,62746.23828125,63161.94921875,28697928697.0,-876.36328125,0,0,1
2024-05-05,0.6491260603070259,63892.453125,64610.890625,62955.3046875,64031.1328125,18296164805.0,138.6796875,0,1,0
2024-05-04,0.6324773033459982,62891.03125,64494.95703125,62599.3515625,63891.47265625,20620477992.0,1000.44140625,0,1,0
2024-05-03,0.5704824030399323,59122.30078125,63320.50390625,58848.3125,62889.8359375,33172023048.0,3767.53515625,0,1,0
2024-05-02,0.7592841784159342,58253.703125,59602.296875,56937.203125,59123.43359375,32711813559.0,869.73046875,0,0,1
2024-05-01,0.5975199937820435,60609.49609375,60780.5,56555.29296875,58254.01171875,48439780271.0,-2355.484375,0,0,1
2024-04-30,0.5881331264972687,63839.41796875,64703.33203125,59120.06640625,60636.85546875,37840840057.0,-3202.5625,0,0,1
2024-04-29,0.6939281672239304,63106.36328125,64174.87890625,61795.45703125,63841.12109375,26635912073.0,734.7578125,0,0,1
2024-04-26,0.5078400870164236,64485.37109375,64789.65625,63322.3984375,63755.3203125,24139372950.0,-730.05078125,0,1,0
2024-04-24,0.5449377298355103,66408.71875,67075.3671875,63589.87109375,64276.8984375,30276655120.0,-2131.8203125,0,0,1
2024-04-23,0.938460111618042,66839.890625,67199.2421875,65864.8671875,66407.2734375,24310975583.0,-432.6171875,0,0,1
2024-04-22,0.7141736507415771,64935.6328125,67233.9609375,64548.1796875,66837.6796875,28282686673.0,1902.046875,0,1,0
2024-04-21,0.9363518953323364,64992.81640625,65723.2421875,64277.72265625,64926.64453125,20506644853.0,-66.171875,0,0,1
2024-04-20,0.8715015053749084,63851.1015625,65442.45703125,63172.40234375,64994.44140625,23097485495.0,1143.33984375,0,0,1
2024-04-19,0.887807031472524,63510.75,65481.59765625,59651.390625,63843.5703125,49920425401.0,332.8203125,0,0,1
2024-04-18,0.6376937627792358,61275.31640625,64125.6875,60833.48046875,63512.75390625,36006307335.0,2237.4375,0,0,1
2024-04-17,0.8518189532416207,63831.84765625,64486.36328125,59768.5859375,61276.69140625,41915247049.0,-2555.15625,0,0,1
2024-04-16,0.6922009927885873,63419.296875,64355.66796875,61716.40234375,63811.86328125,42847528078.0,392.56640625,0,0,1
2024-04-15,0.691655781533983,65739.6484375,66878.6484375,62332.0703125,63426.2109375,43595917654.0,-2313.4375,0,0,1
2024-04-14,0.8359363973140717,63836.23046875,65824.4296875,62205.8515625,65738.7265625,49084320047.0,1902.49609375,0,0,1
2024-04-13,0.9783108830451965,67188.375,67931.4296875,60919.10546875,63821.47265625,52869738185.0,-3366.90234375,0,0,1
2024-04-12,0.7259415984153748,70061.3828125,71222.7421875,65254.8359375,67195.8671875,44129299406.0,-2865.515625,0,0,1
2024-04-11,0.7571980237960816,70575.734375,71256.234375,69571.8125,70060.609375,30153382941.0,-515.125,0,1,0
2024-04-10,0.7339890400568644,69140.2421875,71093.4296875,67503.5625,70587.8828125,38318601774.0,1447.640625,0,0,1
2024-04-09,0.8332259058952332,71632.5,71742.5078125,68212.921875,69139.015625,36426900409.0,-2493.484375,0,0,1
2024-04-08,0.8373093843460083,69362.5546875,72715.359375,69064.2421875,71631.359375,37261432669.0,2268.8046875,0,0,1
2024-04-07,0.9847604632377625,68897.109375,70284.4296875,68851.6328125,69362.5546875,21204930369.0,465.4453125,0,0,1
2024-04-06,0.974389374256134,67840.5703125,69629.6015625,67491.71875,68896.109375,19967785809.0,1055.5390625,0,0,1
2024-04-05,0.7501244246959686,68515.7578125,68725.7578125,66011.4765625,67837.640625,33748230056.0,-678.1171875,0,0,1
2024-04-04,0.7564146816730499,65975.6953125,69291.2578125,65113.796875,68508.84375,34439527442.0,2533.1484375,0,0,1
2024-04-03,0.7663570642471313,65446.671875,66914.3203125,64559.8984375,65980.8125,34488018367.0,534.140625,0,0,1
2024-04-02,0.7354910714285714,69705.0234375,69708.3828125,64586.59375,65446.97265625,50705240709.0,-4258.05078125,0,0,1
2024-04-01,0.7963452339172363,71333.484375,71342.09375,68110.6953125,69702.1484375,34873527352.0,-1631.3359375,0,0,1
2024-03-31,0.5972813963890076,69647.78125,71377.78125,69624.8671875,71333.6484375,20050941373.0,1685.8671875,0,1,0
2024-03-30,0.690073299407959,69893.4453125,70355.4921875,69601.0625,69645.3046875,17130241883.0,-248.140625,0,0,1
2024-03-29,0.7910490870475769,70744.796875,70913.09375,69076.65625,69892.828125,25230851763.0,-851.96875,0,0,1
2024-03-28,0.7428059903058138,69452.7734375,71546.0234375,68895.5078125,70744.953125,34374900617.0,1292.1796875,0,0,1
2024-03-27,0.824630543589592,69991.8984375,71727.6875,68381.9296875,69455.34375,40827113309.0,-536.5546875,0,0,1
2024-03-26,0.522158682346344,69931.328125,71535.7421875,69335.609375,69987.8359375,36010437368.0,56.5078125,0,1,0
2024-03-25,0.7433453457696098,67234.09375,71162.59375,66414.8359375,69958.8125,42700139523.0,2724.71875,0,0,1
2024-03-24,0.760162428021431,64070.75390625,67622.7578125,63825.8515625,67234.171875,27206630673.0,3163.41796875,0,0,1
2024-03-23,0.5568370322386423,63802.72265625,65976.3984375,63038.4921875,64062.203125,24738964812.0,259.48046875,0,0,1
2024-03-22,0.7776358061366611,65489.9296875,66623.75,62355.37109375,63778.76171875,41401116964.0,-1711.16796875,0,0,1
2024-03-21,0.851577877998352,67911.5859375,68199.9921875,64580.91796875,65491.390625,44480350565.0,-2420.1953125,0,0,1
2024-03-20,0.6658943295478821,61930.15625,68115.2578125,60807.78515625,67913.671875,66792634382.0,5983.515625,0,1,0
2024-03-19,0.6739764630794525,67556.1328125,68106.9296875,61536.1796875,61912.7734375,74215844794.0,-5643.359375,0,0,1
2024-03-18,0.7370497286319733,68371.3046875,68897.1328125,66594.2265625,67548.59375,49261579492.0,-822.7109375,0,0,1
2024-03-17,0.5959984064102173,65316.34375,68845.71875,64545.31640625,68390.625,44716864318.0,3074.28125,0,0,1
2024-03-16,0.6087688207626343,69392.484375,70046.2734375,64801.39453125,65315.1171875,46842198371.0,-4077.3671875,0,0,1
2024-03-15,0.6015160381793976,71387.875,72357.1328125,65630.6953125,69403.7734375,78320453976.0,-1984.1015625,0,0,1
2024-03-14,0.609453002611796,73079.375,73750.0703125,68563.0234375,71396.59375,59594605698.0,-1682.78125,0,0,1
2024-03-13,0.5607873400052389,71482.1171875,73637.4765625,71334.09375,73083.5,48212536929.0,1601.3828125,0,1,0
2024-03-12,0.7213924725850424,72125.125,72825.65625,68728.8515625,71481.2890625,62554434520.0,-643.8359375,0,0,1
2024-03-11,0.6371212922609769,69020.546875,72850.7109375,67194.8828125,72123.90625,65716656765.0,3103.359375,0,1,0
2024-03-10,0.6576498746871948,68500.2578125,70005.203125,68239.9765625,69019.7890625,35683977532.0,519.53125,0,1,0
2024-03-09,0.5454233884811401,68299.2578125,68673.0546875,68053.125,68498.8828125,21609650379.0,199.625,0,0,1
2024-03-08,0.733943243821462,66938.09375,70083.0546875,66230.453125,68300.09375,59202881172.0,1362.0,0,1,0
2024-03-07,0.696219265460968,66099.7421875,68029.921875,65655.53125,66925.484375,46989543159.0,825.7421875,0,0,1
2024-03-06,0.6586640609635247,63776.05078125,67637.9296875,62848.671875,66106.8046875,68750229073.0,2330.75390625,0,0,1
2024-03-05,0.7013682683308919,68341.0546875,69170.625,59323.91015625,63801.19921875,102802940877.0,-4539.85546875,0,0,1
2024-03-04,0.6565103530883789,63137.00390625,68537.03125,62386.51953125,68330.4140625,70670471105.0,5193.41015625,0,0,1
2024-03-03,0.7534983605146408,62031.578125,63230.2109375,61435.0234375,63167.37109375,26253811450.0,1135.79296875,0,0,1
2024-03-02,0.6292254030704498,62431.65234375,62458.69921875,61657.2890625,62029.84765625,23888473685.0,-401.8046875,0,0,1
2024-03-01,0.6917711615562439,61168.0625,63155.1015625,60802.52734375,62440.6328125,40186368423.0,1272.5703125,0,0,1
2024-02-29,0.7444867545908148,62499.18359375,63585.64453125,60498.73046875,61198.3828125,65496611844.0,-1300.80078125,0,0,1
2024-02-28,0.7205326656500498,57071.09765625,63913.1328125,56738.42578125,62504.7890625,83239156760.0,5433.69140625,0,0,1
2024-02-27,0.6373305320739746,54519.36328125,57537.83984375,54484.19921875,57085.37109375,49756832031.0,2566.0078125,0,0,1
2024-02-26,0.6979042490323385,51730.5390625,54938.17578125,50931.03125,54522.40234375,34074411896.0,2791.86328125,0,1,0
2024-02-25,0.6069227556387583,51565.21484375,51950.02734375,51306.171875,51733.23828125,15413239245.0,168.0234375,0,0,1
2024-02-23,0.6259040355682373,51283.90625,51497.93359375,50561.77734375,50731.94921875,21427078270.0,-551.95703125,0,0,1
2024-02-22,0.6477181116739908,51854.64453125,52009.61328125,50926.29296875,51304.97265625,25413900611.0,-549.671875,0,1,0
2024-02-21,0.5717411041259766,52273.53515625,52368.81640625,50671.7578125,51839.1796875,28624907020.0,-434.35546875,0,1,0
2024-02-20,0.71628670891126,51777.7265625,52945.05078125,50792.3125,52284.875,33353758256.0,507.1484375,0,1,0
2024-02-19,0.6785848140716553,52134.8125,52483.32421875,51711.8203125,51779.14453125,21362184346.0,-355.66796875,0,0,1
2024-02-18,0.6188211838404337,51661.96875,52356.96484375,51233.70703125,52122.546875,17595377311.0,460.578125,0,1,0
2024-02-17,0.5236014723777771,52161.67578125,52191.9140625,50669.66796875,51662.99609375,20009091006.0,-498.6796875,0,0,1
2024-02-16,0.7077945470809937,51937.7265625,52537.96875,51641.3671875,52160.203125,28180567298.0,222.4765625,0,0,1
2024-02-15,0.5290128588676453,51836.78515625,52820.06640625,51371.62890625,51938.5546875,38564360533.0,101.76953125,0,0,1
2024-02-14,0.752767288684845,49733.4453125,52021.37109375,49296.83203125,51826.6953125,39105608050.0,2093.25,0,0,1
2024-02-13,0.6677900075912475,49941.359375,50358.390625,48406.49609375,49742.44140625,35593051468.0,-198.91796875,0,1,0
2024-02-12,0.6025140285491943,48296.38671875,50280.4765625,47745.76171875,49958.22265625,34511985805.0,1661.8359375,0,0,1
2024-02-11,0.7820188403129578,47768.96875,48535.9375,47617.40625,48293.91796875,19315867136.0,524.94921875,0,1,0
2024-02-10,0.7066379070281983,47153.52734375,48146.171875,46905.3203125,47771.27734375,16398681570.0,617.75,0,1,0
2024-02-09,0.6544723212718964,45297.3828125,48152.49609375,45260.82421875,47147.19921875,39316770844.0,1849.81640625,0,1,0
2024-02-08,0.7793840820139105,44332.125,45575.83984375,44332.125,45301.56640625,26154524080.0,969.44140625,0,0,1
2024-02-07,0.6908537149429321,43090.01953125,44341.94921875,42775.95703125,44318.22265625,21126587775.0,1228.203125,0,0,1
2024-02-06,0.7039734721183777,42657.390625,43344.1484375,42529.01953125,43084.671875,16798476726.0,427.28125,0,1,0
2024-02-05,0.7291254238648848,42577.62109375,43494.25,42264.81640625,42658.66796875,18715487317.0,81.046875,0,0,1
2024-02-04,0.746011597769601,42994.94140625,43097.64453125,42374.83203125,42583.58203125,14802225490.0,-411.359375,0,0,1
2024-02-03,0.634181002775828,43184.96484375,43359.94140625,42890.80859375,42992.25,11169245236.0,-192.71484375,0,1,0
2024-02-02,0.7082127213478089,43077.640625,43422.48828125,42584.3359375,43185.859375,18603843039.0,108.21875,0,0,1
2024-02-01,0.6071212192376455,42569.76171875,43243.16796875,41879.19140625,43075.7734375,21423953779.0,506.01171875,0,0,1
2024-01-31,0.6245544467653547,42946.25,43717.40625,42298.9453125,42582.60546875,24673628793.0,-363.64453125,0,1,0
2024-01-30,0.7754006266593934,43300.2265625,43838.9453125,42711.37109375,42952.609375,23842814518.0,-347.6171875,0,0,1
2024-01-29,0.7089595397313436,42030.9140625,43305.8671875,41818.33203125,43288.24609375,20668476578.0,1257.33203125,0,0,1
2024-01-28,0.6790048956871033,42126.125,42797.17578125,41696.91015625,42035.59375,16858971687.0,-90.53125,0,1,0
2024-01-27,0.8135402713503156,41815.625,42195.6328125,41431.28125,42120.0546875,11422941934.0,304.4296875,0,0,1
2024-01-26,0.6658995801752264,39936.81640625,42209.38671875,39825.69140625,41816.87109375,25598119893.0,1880.0546875,0,0,1
2024-01-25,0.5522562861442566,40075.55078125,40254.48046875,39545.6640625,39933.80859375,18491782013.0,-141.7421875,0,1,0
2024-01-24,0.7321402033170065,39877.59375,40483.78515625,39508.796875,40077.07421875,22359526178.0,199.48046875,0,0,1
2024-01-23,0.7859158714612325,39518.71484375,40127.3515625,38521.89453125,39845.55078125,29244553045.0,326.8359375,0,1,0
2024-01-22,0.7008983428989138,41553.65234375,41651.20703125,39450.1171875,39507.3671875,31338708143.0,-2046.28515625,0,0,1
2024-01-21,0.7751469910144806,41671.48828125,41855.3671875,41497.0078125,41545.78515625,9344043642.0,-125.703125,0,0,1
2024-01-20,0.657929539680481,41624.58984375,41877.89453125,41446.82421875,41665.5859375,11586690904.0,40.99609375,0,1,0
2024-01-19,0.6249402165412903,41278.4609375,42134.16015625,40297.45703125,41618.40625,25752407154.0,339.9453125,0,0,1
2024-01-18,0.6127079725265503,42742.3125,42876.34765625,40631.171875,41262.05859375,25218357242.0,-1480.25390625,0,0,1
2024-01-17,0.8192413449287415,43132.1015625,43189.890625,42189.30859375,42742.65234375,20851232595.0,-389.44921875,0,0,1
2024-01-16,0.8259854018688202,42499.3359375,43566.2734375,42085.99609375,43154.9453125,24062872740.0,655.609375,0,0,1
2024-01-15,0.7085092609578912,41715.06640625,43319.72265625,41705.41796875,42511.96875,22320220558.0,796.90234375,0,0,1
2024-01-14,0.6700191497802734,42842.26171875,43065.59765625,41724.61328125,41796.26953125,17521429522.0,-1045.9921875,0,1,0
2024-01-13,0.7334674298763275,42799.4453125,43234.66015625,42464.14453125,42842.3828125,20601860469.0,42.9375,0,0,1
2024-01-12,0.7466624975204468,46354.79296875,46498.13671875,41903.76953125,42853.16796875,43332698900.0,-3501.625,0,0,1
2024-01-11,0.6621514956156412,46656.07421875,48969.37109375,45678.64453125,46368.5859375,45833734549.0,-287.48828125,0,1,0
2024-01-10,0.5815559566020966,46121.5390625,47647.22265625,44483.15234375,46627.77734375,50114613298.0,506.23828125,0,0,1
2024-01-08,0.6292436917622884,43948.70703125,47218.0,43244.08203125,46970.50390625,42746192015.0,3021.796875,0,1,0
2024-01-07,0.7569371461868286,43998.46484375,44495.5703125,43662.23046875,43943.09765625,19330573863.0,-55.3671875,0,1,0
2024-01-05,0.7806645035743713,44192.98046875,44353.28515625,42784.71875,44162.69140625,32336029347.0,-30.2890625,0,0,1
2024-01-04,0.5118712186813354,42855.81640625,44770.0234375,42675.17578125,44179.921875,30448091210.0,1324.10546875,0,1,0
2024-01-01,0.7653548717498779,42280.234375,44175.4375,42214.9765625,44167.33203125,18426978443.0,1887.09765625,0,1,0
2023-12-28,0.5871757864952087,43468.19921875,43804.78125,42318.55078125,42627.85546875,22992093014.0,-840.34375,0,0,1
2023-12-27,0.5068806906541189,42518.46875,43683.16015625,42167.58203125,43442.85546875,25260941032.0,924.38671875,0,0,1
2023-12-25,0.7653548717498779,43010.57421875,43765.09375,42765.76953125,43613.140625,21115795370.0,602.56640625,0,1,0
2023-12-19,0.5723556280136108,42641.51171875,43354.296875,41826.3359375,42270.52734375,23171001281.0,-370.984375,0,0,1
2023-12-18,0.7015243172645569,41348.203125,42720.296875,40530.2578125,42623.5390625,25224642008.0,1275.3359375,0,0,1
2023-12-11,0.7653548717498779,43792.01953125,43808.375,40234.578125,41243.83203125,40632672038.0,-2548.1875,0,1,0
2023-12-07,0.7128178179264069,43769.1328125,44042.58984375,42880.6484375,43292.6640625,27635760671.0,-476.46875,0,0,1
2023-12-06,0.7371857166290283,44080.0234375,44265.76953125,43478.08203125,43746.4453125,29909761586.0,-333.578125,0,0,1
2023-12-04,0.6348045170307159,39978.62890625,42371.75,39978.62890625,41980.09765625,39856129827.0,2001.46875,0,1,0
2023-11-28,0.8094135522842407,37247.9921875,38368.48046875,36891.08984375,37831.0859375,21696137014.0,583.09375,0,0,1
2023-11-27,0.7653548717498779,37454.19140625,37559.35546875,36750.12890625,37254.16796875,19002925720.0,-200.0234375,0,1,0
2023-11-26,0.785502552986145,37796.828125,37820.30078125,37162.75,37479.12109375,13744796068.0,-317.70703125,0,0,1
2023-11-24,0.5839458107948303,37296.31640625,38415.33984375,37261.60546875,37720.28125,22922957823.0,423.96484375,0,1,0
2023-11-23,0.9271921515464783,37420.43359375,37643.91796875,36923.86328125,37289.62109375,14214948217.0,-130.8125,0,0,1
2023-11-21,0.5226187109947205,37469.16015625,37631.140625,35813.8125,35813.8125,25172163756.0,-1655.34765625,0,0,1
2023-11-20,0.7653548717498779,37374.07421875,37756.8203125,36882.53125,37476.95703125,20888209068.0,102.8828125,0,1,0
2023-11-18,0.6376937627792358,36625.37109375,36839.28125,36233.3125,36585.703125,11886022717.0,-39.66796875,0,0,1
2023-11-13,0.7653548717498779,37070.3046875,37405.1171875,36399.60546875,36502.35546875,19057712790.0,-567.94921875,0,1,0
2023-11-12,0.43229034543037415,37133.9921875,37227.69140625,36779.1171875,37054.51953125,11545715999.0,-79.47265625,1,0,0
2023-11-10,0.7379368543624878,36702.25,37493.80078125,36362.75390625,37313.96875,22711265155.0,611.71875,0,0,1
2023-11-09,0.9909829497337341,35633.6328125,37926.2578125,35592.1015625,36693.125,37762672382.0,1059.4921875,0,0,1
2023-11-08,0.593663215637207,35419.4765625,35994.41796875,35147.80078125,35655.27734375,17295394918.0,235.80078125,0,0,1
2023-11-06,0.635907381772995,35044.7890625,35286.02734375,34765.36328125,35037.37109375,12693436420.0,-7.41796875,0,0,1
2023-11-03,0.5716529488563538,34942.47265625,34942.47265625,34133.44140625,34732.32421875,17158456701.0,-210.1484375,1,0,0
2023-10-30,0.6647357642650604,34531.7421875,34843.93359375,34110.97265625,34502.36328125,17184860315.0,-29.37890625,0,0,1
2023-10-28,0.6834721863269806,33907.72265625,34399.390625,33874.8046875,34089.57421875,10160330825.0,181.8515625,0,0,1
2023-10-25,0.9326010942459106,33916.04296875,35133.7578125,33709.109375,34502.8203125,25254318008.0,586.77734375,0,0,1
2023-10-24,0.7286405265331268,33077.3046875,35150.43359375,32880.76171875,33901.52734375,44934999645.0,824.22265625,0,0,1
2023-10-23,0.7653548717498779,30140.685546875,34370.4375,30097.828125,33086.234375,38363572311.0,2945.548828125,0,1,0
2023-10-22,0.7237829864025116,29918.654296875,30199.43359375,29720.3125,29993.896484375,10446520040.0,75.2421875,0,0,1
2023-10-21,0.7407961040735245,29683.380859375,30287.482421875,29481.751953125,29918.412109375,11541146996.0,235.03125,0,0,1
2023-10-20,0.4016021192073822,28732.8125,30104.0859375,28601.669921875,29682.94921875,21536125230.0,950.13671875,0,0,1
2023-10-18,0.8132286667823792,28413.53125,28889.009765625,28174.251953125,28328.341796875,12724128586.0,-85.189453125,0,0,1
2023-10-17,0.6810500621795654,28522.09765625,28618.751953125,28110.185546875,28415.748046875,14872527508.0,-106.349609375,0,0,1
2023-10-16,0.6728373467922211,27162.62890625,29448.138671875,27130.47265625,28519.466796875,27833876539.0,1356.837890625,0,0,1
2023-10-14,0.9233735799789429,26866.203125,26969.0,26814.5859375,26861.70703125,5388116782.0,-4.49609375,0,0,1
2023-10-13,0.7748474776744843,26752.87890625,27092.697265625,26686.322265625,26862.375,15165312851.0,109.49609375,0,0,1
2023-10-12,0.9662405252456665,26873.29296875,26921.439453125,26558.3203125,26756.798828125,9392909295.0,-116.494140625,0,0,1
2023-10-09,0.6927063763141632,27934.47265625,27989.470703125,27302.5625,27583.677734375,12007668568.0,-350.794921875,0,0,1
2023-10-06,0.8796908458073934,27412.123046875,28252.537109375,27215.552734375,27946.59765625,13492391599.0,534.474609375,0,0,1
2023-10-04,0.6695976257324219,27429.07421875,27826.658203125,27248.10546875,27799.39453125,11143355314.0,370.3203125,1,0,0
2023-10-02,0.7122590243816376,27976.798828125,28494.458984375,27347.787109375,27530.78515625,19793041322.0,-446.013671875,0,0,1
2023-09-27,0.6937674085299174,26209.498046875,26817.841796875,26111.46484375,26352.716796875,11718380997.0,143.21875,0,1,0
2023-09-26,0.9294957518577576,26294.7578125,26389.884765625,26090.712890625,26217.25,9985498161.0,-77.5078125,0,0,1
2023-09-25,0.7653548717498779,26253.775390625,26421.5078125,26011.46875,26298.48046875,11997833257.0,44.705078125,0,1,0
2023-09-23,0.5565894842147827,26578.556640625,26634.185546875,26520.51953125,26579.390625,7404700301.0,0.833984375,0,0,1
2023-09-22,0.9245041310787201,26564.056640625,26726.078125,26495.533203125,26579.568359375,10578746709.0,15.51171875,1,0,0
2023-09-21,0.7751403252283732,27129.83984375,27152.939453125,26389.30078125,26567.6328125,13371443708.0,-562.20703125,0,0,1
2023-09-18,0.7015243172645569,26532.994140625,27414.734375,26415.515625,26754.28125,15615339655.0,221.287109375,0,0,1
2023-09-16,0.7559590935707092,26606.19921875,26754.76953125,26473.890625,26568.28125,7402031417.0,-37.91796875,0,0,1
2023-09-15,0.7811892628669739,26533.818359375,26840.498046875,26240.701171875,26608.693359375,11479735788.0,74.875,0,1,0
2023-09-14,0.6885059475898743,26228.27734375,26774.623046875,26171.451171875,26539.673828125,13811359124.0,311.396484375,0,1,0
2023-09-12,0.7336274981498718,25160.658203125,26451.939453125,25133.078125,25833.34375,18657279324.0,672.685546875,0,1,0
2023-09-11,0.7504020631313324,25831.71484375,25883.947265625,24930.296875,25162.654296875,14600006467.0,-669.060546875,0,0,1
2023-09-07,0.7022159099578857,25748.3125,26409.302734375,25608.201171875,26240.1953125,11088307100.0,491.8828125,0,0,1
2023-09-06,0.7391656637191772,25783.931640625,25953.015625,25404.359375,25753.236328125,12752705327.0,-30.6953125,0,0,1
2023-09-05,0.6823563575744629,25814.95703125,25858.375,25589.98828125,25779.982421875,11094740040.0,-34.974609375,0,0,1
2023-09-04,0.7653548717498779,25968.169921875,26081.525390625,25657.025390625,25812.416015625,10680635106.0,-155.75390625,0,1,0
2023-09-02,0.9926436543464661,25800.91015625,25970.28515625,25753.09375,25868.798828125,10100387473.0,67.888671875,0,0,1
2023-09-01,0.8996666073799133,25934.021484375,26125.869140625,25362.609375,25800.724609375,17202862221.0,-133.296875,0,0,1
2023-08-28,0.7653548717498779,26089.615234375,26198.578125,25880.599609375,26106.150390625,11002805166.0,16.53515625,0,1,0
2023-08-25,0.8704956769943237,26163.6796875,26248.103515625,25786.8125,26047.66796875,12406045118.0,-116.01171875,0,0,1
2023-08-21,0.7582856714725494,26188.69140625,26220.201171875,25846.087890625,26124.140625,13371557893.0,-64.55078125,0,0,1
2023-08-18,0.800143818060557,26636.078125,26808.1953125,25668.921875,26049.556640625,24026236529.0,-586.521484375,0,0,1
2023-08-16,0.8361543416976929,29169.07421875,29221.9765625,28701.779296875,28701.779296875,14949271904.0,-467.294921875,0,0,1
2023-08-14,0.6979994177818298,29283.263671875,29660.25390625,29124.10546875,29408.443359375,14013695304.0,125.1796875,0,0,1
2023-08-13,0.5113028287887573,29416.59375,29441.43359375,29265.806640625,29282.9140625,7329897180.0,-133.6796875,0,1,0
2023-08-09,0.6119935512542725,29766.6953125,30093.435546875,29376.80078125,29561.494140625,18379521213.0,-205.201171875,0,0,1
2023-08-07,0.7653548717498779,29038.513671875,29244.28125,28724.140625,29180.578125,13618163710.0,142.064453125,0,1,0
2023-08-03,0.6253792643547058,29161.8125,29375.70703125,28959.48828125,29178.6796875,12780357746.0,16.8671875,0,1,0
2023-07-31,0.7653548717498779,29278.314453125,29489.873046875,29131.578125,29230.111328125,11656781982.0,-48.203125,0,1,0
2023-07-28,0.763137012720108,29212.1640625,29521.513671875,29125.845703125,29319.24609375,11218474952.0,107.08203125,0,0,1
2023-07-25,0.7735335826873779,29178.970703125,29353.16015625,29062.43359375,29227.390625,10266772793.0,48.419921875,0,0,1
2023-07-24,0.718898594379425,30081.662109375,30093.39453125,28934.294921875,29176.916015625,15395817395.0,-904.74609375,0,0,1
2023-07-21,0.9115476012229919,29805.111328125,30045.998046875,29733.8515625,29908.744140625,10972789818.0,103.6328125,0,0,1
2023-07-18,0.6376937627792358,30147.0703125,30233.65625,29556.427734375,29856.5625,13138897269.0,-290.5078125,0,0,1
2023-07-17,0.6101813018321991,30249.626953125,30336.400390625,29685.783203125,30145.888671875,13240156074.0,-103.73828125,0,1,0
2023-07-16,0.8524336814880371,30297.47265625,30437.560546875,30089.669921875,30249.1328125,8516564470.0,-48.33984375,0,0,1
2023-07-15,0.9828327298164368,30331.783203125,30407.78125,30263.462890625,30295.806640625,8011667756.0,-35.9765625,0,0,1
2023-07-13,0.9328818321228027,30387.48828125,31814.515625,30268.3515625,31476.048828125,23686079548.0,1088.560546875,0,0,1
2023-07-11,0.6510035693645477,30417.6328125,30788.314453125,30358.09765625,30620.951171875,12151839152.0,203.318359375,0,0,1
2023-07-10,0.7653548717498779,30172.423828125,31026.083984375,29985.39453125,30414.470703125,14828209155.0,242.046875,0,1,0
2023-07-07,0.6588756144046783,29907.998046875,30434.64453125,29777.28515625,30342.265625,13384770155.0,434.267578125,0,0,1
2023-07-06,0.8077456951141357,30507.150390625,31460.052734375,29892.2265625,29909.337890625,21129219509.0,-597.8125,0,0,1
2023-07-05,0.984852135181427,30778.724609375,30877.330078125,30225.61328125,30514.166015625,12481622280.0,-264.55859375,0,0,1
2023-07-03,0.667728841304779,30624.515625,31375.61328125,30586.513671875,31156.439453125,15271884873.0,531.923828125,0,1,0
2023-07-02,0.717115581035614,30587.26953125,30766.140625,30264.01953125,30620.76953125,10533418042.0,33.5,0,0,1
2023-06-30,0.4506931006908417,30441.353515625,31256.86328125,29600.275390625,30477.251953125,26387306197.0,35.8984375,0,0,1
2023-06-26,0.7653548717498779,30480.5234375,30636.029296875,29955.744140625,30271.130859375,16493186997.0,-209.392578125,0,1,0
2023-06-25,0.9777920246124268,30545.150390625,31041.271484375,30327.943359375,30480.26171875,12703464114.0,-64.888671875,0,0,1
2023-06-24,0.9424580335617065,30708.73828125,30804.1484375,30290.146484375,30548.6953125,12147822496.0,-160.04296875,0,0,1
2023-06-23,0.6855573654174805,29896.3828125,31389.5390625,29845.21484375,30695.46875,24115570085.0,799.0859375,0,0,1
2023-06-22,0.6106958389282227,29995.935546875,30495.998046875,29679.158203125,29912.28125,20653160491.0,-83.654296875,0,0,1
2023-06-20,0.8174663782119751,26841.6640625,28388.96875,26668.791015625,28327.48828125,22211859147.0,1485.82421875,0,0,1
2023-06-19,0.7045586109161377,26335.44140625,26984.611328125,26312.83203125,26851.029296875,12826986222.0,515.587890625,0,1,0
2023-06-18,0.8286217252413431,26510.45703125,26675.92578125,26325.890625,26336.212890625,9565695129.0,-174.244140625,0,0,1
2023-06-15,0.6499840915203094,25121.673828125,25735.30859375,24797.16796875,25576.39453125,15837384409.0,454.720703125,0,0,1
2023-06-12,0.874331533908844,25934.28515625,26087.919921875,25675.197265625,25902.5,11677889997.0,-31.78515625,0,0,1
2023-06-10,0.6616477966308594,26481.76171875,26531.044921875,25501.8359375,25851.240234375,19872933189.0,-630.521484375,0,0,1
2023-06-09,0.6393496543169022,26505.923828125,26770.2890625,26339.314453125,26480.375,11015551640.0,-25.548828125,1,0,0
2023-06-05,0.6493905782699585,27123.109375,27129.982421875,25445.16796875,25760.09765625,21513292646.0,-1363.01171875,0,1,0
2023-06-03,0.6638796329498291,27252.32421875,27317.052734375,26958.00390625,27075.12890625,8385597470.0,-177.1953125,0,0,1
2023-06-01,0.911548912525177,27218.412109375,27346.10546875,26671.720703125,26819.97265625,14678970415.0,-398.439453125,0,0,1
2023-05-31,0.8372848629951477,27700.529296875,27831.677734375,26866.453125,27219.658203125,15656371534.0,-480.87109375,0,0,1
2023-05-30,0.5489039421081543,27745.123046875,28044.759765625,27588.501953125,27702.349609375,13251081851.0,-42.7734375,0,0,1
2023-05-29,0.7653548717498779,28075.591796875,28432.0390625,27563.876953125,27745.884765625,15181308984.0,-329.70703125,0,1,0
2023-05-27,0.4924295246601105,26720.181640625,26888.8828125,26621.140625,26868.353515625,7892015141.0,148.171875,0,0,1
2023-05-23,0.6591335336367289,26855.9609375,27434.68359375,26816.1796875,27225.7265625,13697203143.0,369.765625,0,1,0
2023-05-22,0.74153733253479,26749.892578125,27045.734375,26549.734375,26851.27734375,11056770492.0,101.384765625,0,0,1
2023-05-19,0.8629368543624878,26826.75390625,27128.619140625,26700.2109375,26890.12890625,11258983301.0,63.375,0,0,1
2023-05-18,0.6376937627792358,27401.650390625,27466.52734375,26415.1015625,26832.208984375,15222938600.0,-569.44140625,0,0,1
2023-05-17,0.4538706839084625,27035.470703125,27465.927734375,26600.14453125,27398.802734375,15140006925.0,363.33203125,0,0,1
2023-05-15,0.7653548717498779,26931.384765625,27646.34765625,26766.09765625,27192.693359375,14413231792.0,261.30859375,0,1,0
2023-05-14,0.5157375335693359,26788.974609375,27150.9765625,26661.35546875,26930.638671875,10014858959.0,141.6640625,0,1,0
2023-05-13,0.6116266250610352,26807.76953125,27030.482421875,26710.873046875,26784.078125,9999171605.0,-23.69140625,0,0,1
2023-05-12,0.9079299569129944,26987.662109375,27055.646484375,25878.4296875,26804.990234375,19313599897.0,-182.671875,0,0,1
2023-05-11,0.8856760263442993,27621.0859375,27621.94140625,26781.826171875,27000.7890625,16724343943.0,-620.296875,0,0,1
2023-05-09,0.5927975177764893,27695.068359375,27821.400390625,27375.6015625,27658.775390625,14128593256.0,-36.29296875,0,0,1
2023-05-08,0.8797711730003357,28450.45703125,28663.271484375,27310.134765625,27694.2734375,19122903752.0,-756.18359375,0,0,1
2023-05-06,0.9448565244674683,29538.859375,29820.126953125,28468.966796875,28904.623046875,15913866714.0,-634.236328125,0,0,1
2023-05-04,0.7298759520053864,29031.3046875,29353.185546875,28694.0390625,28847.7109375,15548678514.0,-183.59375,0,0,1
2023-05-03,0.5611807107925415,28680.494140625,29259.533203125,28178.388671875,29006.30859375,19122972518.0,325.814453125,0,0,1
2023-05-02,0.8983339071273804,28087.17578125,28881.298828125,27924.123046875,28680.537109375,16432924527.0,593.361328125,0,0,1
2023-05-01,0.6328315436840057,29227.103515625,29329.935546875,27680.79296875,28091.568359375,18655599976.0,-1135.53515625,0,0,1
2023-04-30,0.6896026730537415,29245.515625,29952.029296875,29114.021484375,29268.806640625,14652199272.0,23.291015625,0,0,1
2023-04-24,0.7653548717498779,27591.73046875,27979.982421875,27070.849609375,27525.33984375,17703288330.0,-66.390625,0,1,0
2023-04-21,0.7080102860927582,28249.23046875,28349.96875,27177.365234375,27276.91015625,20759504330.0,-972.3203125,0,0,1
2023-04-20,0.6389416456222534,28823.68359375,29076.400390625,28037.2578125,28245.98828125,21340360360.0,-577.6953125,0,0,1
2023-04-19,0.5025723576545715,30394.1875,30411.0546875,28669.8984375,28822.6796875,24571565421.0,-1571.5078125,0,0,1
2023-04-18,0.6510321497917175,29449.091796875,30470.302734375,29154.849609375,30397.552734375,19480529496.0,948.4609375,0,0,1
2023-04-17,0.7999509572982788,30317.146484375,30319.197265625,29275.37109375,29445.044921875,17872186762.0,-872.1015625,0,0,1
2023-04-16,0.9313479065895081,30315.9765625,30555.537109375,30157.83203125,30315.35546875,12854816417.0,-0.62109375,1,0,0
2023-04-15,0.5422019958496094,30490.75,30601.740234375,30245.8828125,30318.49609375,11940685378.0,-172.25390625,0,0,1
2023-04-13,0.7287812232971191,29892.740234375,30539.845703125,29878.623046875,30399.06640625,17487721001.0,506.326171875,0,0,1
2023-04-12,0.5107876658439636,30231.58203125,30462.48046875,29725.57421875,30139.052734375,18651929926.0,-92.529296875,0,1,0
2023-04-10,0.7653548717498779,28336.02734375,29771.46484375,28189.271484375,29652.98046875,19282400094.0,1316.953125,0,1,0
2023-04-07,0.9461197257041931,28038.966796875,28111.59375,27794.03125,27925.859375,10861680497.0,-113.107421875,0,0,1
2023-04-03,0.7068925350904465,28183.080078125,28475.623046875,27276.720703125,27790.220703125,19556501327.0,-392.859375,0,0,1
2023-03-31,0.8401074409484863,28032.26171875,28639.896484375,27583.71484375,28478.484375,19001327598.0,446.22265625,0,0,1
2023-03-29,0.5265918374061584,27267.03125,28619.54296875,27259.662109375,28348.44140625,20684945906.0,1081.41015625,0,0,1
2023-03-28,0.6411431133747101,27132.888671875,27460.71875,26677.818359375,27268.130859375,17783600385.0,135.2421875,0,0,1
2023-03-27,0.8493649959564209,27994.068359375,28037.92578125,26606.689453125,27139.888671875,18188895178.0,-854.1796875,0,0,1
2023-03-24,0.4938105642795563,28324.111328125,28388.4375,27039.265625,27493.28515625,25980310960.0,-830.826171875,0,1,0
2023-03-21,0.7652031779289246,27768.392578125,28439.5625,27439.646484375,28175.81640625,36102192830.0,407.423828125,0,0,1
2023-03-20,0.687178909778595,28041.6015625,28527.724609375,27242.880859375,27767.236328125,44774027664.0,-274.365234375,0,0,1
2023-01-15,0.9822851419448853,20977.484375,20993.748046875,20606.986328125,20880.798828125,19298407543.0,-96.685546875,0,0,1
2022-12-02,0.5238210558891296,16968.68359375,17088.66015625,16877.880859375,17088.66015625,19539705127.0,119.9765625,0,0,1
2022-10-28,0.9846105575561523,20287.95703125,20724.98046875,20086.068359375,20595.3515625,43994715910.0,307.39453125,0,0,1
2022-10-06,0.9887276887893677,20161.0390625,20408.392578125,19900.087890625,19955.443359375,34711412966.0,-205.595703125,0,0,1
2021-12-02,0.6811666488647461,57217.37109375,57349.234375,55895.1328125,56477.81640625,32379968686.0,-739.5546875,0,0,1
2021-07-29,0.6946260929107666,39995.453125,40593.0703125,39352.05859375,40008.421875,27167146027.0,12.96875,0,0,1
